{"cameraMode":{"drawMode":0,"name":"Shaded","section":"Shading Mode"},"sceneLighting":false,"audioPlay":false,"sceneViewState":{"m_AlwaysRefresh":false,"showFog":true,"showSkybox":false,"showFlares":true,"showImageEffects":true,"showParticleSystems":true,"showVisualEffectGraphs":true,"m_FxEnabled":true},"in2DMode":false,"pivot":{"x":-1.850000023841858,"y":1.4950000047683716,"z":7.450580596923828e-9},"rotation":{"x":-0.05461730808019638,"y":0.18683604896068574,"z":0.009792137891054154,"w":0.9810041785240173},"size":0.22085116803646089,"orthographic":true}