{"cameraMode":{"drawMode":0,"name":"Shaded","section":"Shading Mode"},"sceneLighting":true,"audioPlay":false,"sceneViewState":{"m_AlwaysRefresh":false,"showFog":true,"showSkybox":true,"showFlares":true,"showImageEffects":true,"showParticleSystems":true,"showVisualEffectGraphs":true,"m_FxEnabled":true},"in2DMode":false,"pivot":{"x":37.98870849609375,"y":4.446659088134766,"z":14.000359535217286},"rotation":{"x":0.057167164981365207,"y":-0.9027640223503113,"z":0.12675364315509797,"w":0.40706518292427065},"size":16.797922134399415,"orthographic":true}