{"cameraMode":{"drawMode":0,"name":"Shaded","section":"Shading Mode"},"sceneLighting":false,"audioPlay":false,"sceneViewState":{"m_AlwaysRefresh":false,"showFog":true,"showSkybox":false,"showFlares":true,"showImageEffects":true,"showParticleSystems":true,"showVisualEffectGraphs":true,"m_FxEnabled":true},"in2DMode":false,"pivot":{"x":-0.0000015497207641601563,"y":0.921271562576294,"z":0.02166062593460083},"rotation":{"x":0.0031552871223539116,"y":-0.9966176748275757,"z":0.049381379038095477,"w":0.06686326116323471},"size":1.4268220663070679,"orthographic":true}