{"cameraMode":{"drawMode":0,"name":"Shaded","section":"Shading Mode"},"sceneLighting":false,"audioPlay":false,"sceneViewState":{"m_AlwaysRefresh":false,"showFog":true,"showSkybox":false,"showFlares":true,"showImageEffects":true,"showParticleSystems":true,"showVisualEffectGraphs":true,"m_FxEnabled":true},"in2DMode":false,"pivot":{"x":1.8799999952316285,"y":0.6533167362213135,"z":-3.373669385910034},"rotation":{"x":0.24316662549972535,"y":-0.18829719722270966,"z":0.048178523778915408,"w":0.9503341317176819},"size":7.60711669921875,"orthographic":true}